,name,github_id,labels,category,github_url,homepage,license,created_at,updated_at,last_commit_pushed_at,commit_count,recent_commit_count,fork_count,watchers_count,pr_count,open_issue_count,closed_issue_count,star_count,latest_stable_release_published_at,latest_stable_release_number,github_release_downloads,monthly_downloads,release_count,description,dependent_project_count,github_dependent_project_count,contributor_count,projectrank,show,projectrank_placing,npm_id,npm_url,npm_monthly_downloads,trending,updated_github_id
0,tailwindcss,tailwindlabs/tailwindcss,['css'],css-frameworks,https://github.com/tailwindlabs/tailwindcss,https://github.com/tailwindlabs/tailwindcss,MIT,2017-10-06 14:59:14,2023-10-26 17:36:49,2023-10-26 17:09:38,5322.0,95.0,3654.0,598.0,2371.0,5.0,3022.0,73086.0,2023-10-25 13:49:48,3.3.5,1846655.0,52761.0,100.0,A utility-first CSS framework for rapid UI development.,6756425.0,6756425.0,278.0,44,True,1,,,,,
1,xstate,statelyai/xstate,[],state-management,https://github.com/statelyai/xstate,https://github.com/statelyai/xstate,MIT,2015-09-14 15:04:15,2023-10-26 15:57:05,2023-10-26 14:48:01,6352.0,134.0,1129.0,189.0,1945.0,81.0,1141.0,24961.0,2023-10-23 19:31:14,xstate@4.38.3,,5794807.0,100.0,State machines and statecharts for the modern web.,234841.0,234841.0,342.0,43,True,1,xstate,https://www.npmjs.com/package/xstate,5794807.0,,
2,Quasar Framework,quasarframework/quasar,"['vue3', 'javascript']",ui-frameworks,https://github.com/quasarframework/quasar,https://github.com/quasarframework/quasar,MIT,2015-10-05 15:45:36,2023-10-26 18:01:06,2023-10-26 18:00:59,13495.0,270.0,3269.0,471.0,4514.0,414.0,7010.0,24450.0,2023-10-26 16:11:22,@quasar/vite-plugin-v1.6.0,,509738.0,100.0,Quasar Framework - Build high-performance VueJS user interfaces in record time.,41002.0,41002.0,686.0,43,True,1,quasar,https://www.npmjs.com/package/quasar,509738.0,,
3,Element Plus,element-plus/element-plus,"['vue3', 'typescript']",ui-frameworks,https://github.com/element-plus/element-plus,https://github.com/element-plus/element-plus,MIT,2020-07-21 06:51:19,2023-10-26 11:08:53,2023-10-25 12:33:07,4905.0,156.0,11429.0,193.0,6326.0,1188.0,4623.0,21631.0,2023-10-18 04:58:36,2.4.1,,702522.0,100.0,A Vue.js 3 UI Library made by Element team.,66807.0,66807.0,545.0,43,True,1,element-plus,https://www.npmjs.com/package/element-plus,702522.0,,
4,vue-router,vuejs/vue-router,['vue2'],routing,https://github.com/vuejs/vue-router,https://github.com/vuejs/vue-router,MIT,2013-12-11 19:37:46,2023-10-20 12:45:09,2023-07-20 08:13:55,1453.0,,5042.0,513.0,961.0,65.0,2771.0,19007.0,2022-09-06 10:10:34,3.6.5,,11268219.0,90.0,The official router for Vue 2.,2051498.0,2051498.0,290.0,43,True,1,vue-router,https://www.npmjs.com/package/vue-router,11268219.0,,
5,Axios,axios/axios,"['vue2', 'vue3']",http-clients,https://github.com/axios/axios,https://github.com/axios/axios,MIT,2014-08-18 22:30:27,2023-10-26 08:18:06,2023-10-22 15:20:44,1472.0,22.0,10401.0,1205.0,1471.0,424.0,3933.0,102337.0,2023-09-26 18:22:08,1.5.1,,,62.0,Promise based HTTP client for the browser and node.js.,10882998.0,10882998.0,446.0,42,True,1,,,,,
6,vuex,vuejs/vuex,['vue3'],state-management,https://github.com/vuejs/vuex,https://github.com/vuejs/vuex,MIT,2015-07-16 04:21:26,2023-09-05 11:29:07,2023-08-08 11:38:57,1210.0,1.0,9450.0,770.0,967.0,91.0,1166.0,28261.0,2021-06-17 15:52:07,4.0.2,,6786464.0,51.0,Centralized State Management for Vue.js.,1234446.0,1234446.0,335.0,42,True,1,vuex,https://www.npmjs.com/package/vuex,6786464.0,,
7,Bootstrap v4 Integration,bootstrap-vue/bootstrap-vue,"['vue2', 'javascript']",ui-frameworks,https://github.com/bootstrap-vue/bootstrap-vue,https://github.com/bootstrap-vue/bootstrap-vue,MIT,2016-10-08 15:59:35,2023-10-16 07:27:08,2023-07-28 00:24:13,5376.0,,1846.0,294.0,3672.0,157.0,3215.0,14400.0,2022-04-17 12:49:53,2.22.0,,1452707.0,100.0,BootstrapVue provides one of the most comprehensive implementations of Bootstrap v4 for Vue.js. With extensive and..,168150.0,168150.0,356.0,40,True,2,bootstrap-vue,https://www.npmjs.com/package/bootstrap-vue,1452707.0,,
8,pinia,vuejs/pinia,['vue3'],state-management,https://github.com/vuejs/pinia,https://github.com/vuejs/pinia,MIT,2019-11-18 21:05:01,2023-10-26 15:07:34,2023-10-26 15:07:30,1810.0,78.0,869.0,59.0,789.0,23.0,604.0,11466.0,2023-10-13 09:39:45,pinia@2.1.7,,3484796.0,98.0,"Intuitive, type safe, light and flexible Store for Vue using the composition api with DevTools support.",159578.0,159578.0,204.0,40,True,2,pinia,https://www.npmjs.com/package/pinia,3484796.0,,
9,PrimeVue,primefaces/primevue,"['vue3', 'typescript']",ui-frameworks,https://github.com/primefaces/primevue,https://github.com/primefaces/primevue,MIT,2018-12-04 07:04:14,2023-10-26 17:53:50,2023-10-26 17:53:45,7903.0,1076.0,832.0,60.0,1018.0,495.0,3153.0,4851.0,2023-10-26 10:54:29,3.38.1,,529946.0,100.0,Next Generation Vue UI Component Library.,14946.0,14946.0,192.0,40,True,2,primevue,https://www.npmjs.com/package/primevue,529946.0,,
10,router,vuejs/router,['vue3'],routing,https://github.com/vuejs/router,https://github.com/vuejs/router,MIT,2019-02-07 18:09:43,2023-10-23 20:25:56,2023-10-23 20:25:48,2252.0,28.0,1026.0,52.0,1087.0,29.0,761.0,3318.0,2023-09-22 09:25:19,4.2.5,,2503239.0,57.0,The official router for Vue.js.,2051498.0,2051498.0,198.0,40,True,3,router,https://www.npmjs.com/package/router,2503239.0,,
11,Ant Design Vue,vueComponent/ant-design-vue,['vue3'],ui-frameworks,https://github.com/vueComponent/ant-design-vue,https://github.com/vueComponent/ant-design-vue,,2017-09-20 06:04:01,2023-10-26 08:30:35,2023-10-23 02:51:46,5130.0,112.0,3567.0,306.0,1624.0,156.0,5058.0,18851.0,2023-10-17 15:07:07,4.0.6,,376643.0,100.0,An enterprise-class UI components based on Ant Design and Vue.,48476.0,48476.0,256.0,39,True,2,ant-design-vue,https://www.npmjs.com/package/ant-design-vue,376643.0,,
12,Tauri,tauri-apps/tauri,,desktop-apps,https://github.com/tauri-apps/tauri,https://github.com/tauri-apps/tauri,Apache-2.0,2019-07-13 09:09:37,2023-10-26 17:21:24,2023-10-26 16:58:56,4082.0,181.0,1936.0,484.0,3851.0,563.0,2561.0,69571.0,2023-10-24 00:52:27,tauri-cli-v1.5.6,333251.0,84592.0,100.0,"Build smaller, faster, and more secure desktop applications with a web frontend.",525.0,525.0,307.0,38,True,1,tauri,https://www.npmjs.com/package/tauri,1280.0,,
13,Bulma,jgthms/bulma,['css'],css-frameworks,https://github.com/jgthms/bulma,https://github.com/jgthms/bulma,MIT,2016-01-23 23:48:34,2023-10-24 18:58:28,2023-10-22 07:28:01,1744.0,5.0,3864.0,601.0,1138.0,210.0,2283.0,47612.0,2022-05-08 13:50:59,0.9.4,735533.0,10215.0,17.0,Modern CSS framework based on Flexbox.,237530.0,237530.0,402.0,38,True,3,,,,,
14,Appolo Client,apollographql/apollo-client,"['vue2', 'vue3']",graphql-clients,https://github.com/apollographql/apollo-client,https://github.com/apollographql/apollo-client,MIT,2016-02-26 20:25:00,2023-10-26 15:34:52,2023-10-24 20:33:15,12041.0,131.0,2555.0,292.0,5985.0,466.0,4378.0,18982.0,2023-10-16 15:46:40,3.8.6,,,74.0,"A fully-featured, production ready caching GraphQL client for every UI framework and GraphQL server.",175681.0,175681.0,848.0,38,True,1,,,,,
15,Naive UI,tusen-ai/naive-ui,"['vue3', 'typescript']",ui-frameworks,https://github.com/tusen-ai/naive-ui,https://github.com/tusen-ai/naive-ui,MIT,2021-06-04 13:47:28,2023-10-23 14:50:27,2023-10-02 14:38:17,8275.0,13.0,1488.0,88.0,2676.0,586.0,1863.0,13928.0,,,,129384.0,,A Vue 3 Component Library. Fairly Complete. Theme Customizable. Uses TypeScript. Fast.,23940.0,23940.0,262.0,37,True,3,naive-ui,https://www.npmjs.com/package/naive-ui,129384.0,,
16,vee-validate,logaretm/vee-validate,,forms,https://github.com/logaretm/vee-validate,https://github.com/logaretm/vee-validate,MIT,2016-07-30 01:10:44,2023-10-07 02:58:09,2023-10-05 21:48:53,4658.0,62.0,1189.0,115.0,865.0,54.0,3143.0,10215.0,2023-10-05 22:38:50,4.11.8,,,100.0,Painless Vue forms.,71632.0,71632.0,361.0,35,True,1,,,,,
17,Vuestic UI,epicmaxco/vuestic-ui,"['vue3', 'typescript']",ui-frameworks,https://github.com/epicmaxco/vuestic-ui,https://github.com/epicmaxco/vuestic-ui,MIT,2019-08-03 11:58:26,2023-10-26 10:59:56,2023-10-19 06:00:17,3233.0,152.0,282.0,29.0,1564.0,425.0,1844.0,3100.0,2023-10-17 08:43:26,1.8.2,,29255.0,41.0,Free and Open Source UI Library for Vue 3.,1163.0,1163.0,109.0,34,True,3,vuestic-ui,https://www.npmjs.com/package/vuestic-ui,29255.0,,
18,Amplify UI,aws-amplify/amplify-ui,['vue3'],ui-frameworks,https://github.com/aws-amplify/amplify-ui,https://github.com/aws-amplify/amplify-ui,Apache-2.0,2021-03-25 19:11:52,2023-10-26 09:24:56,2023-10-26 00:10:39,2458.0,114.0,220.0,57.0,3493.0,128.0,818.0,712.0,2023-10-12 18:21:05,@aws-amplify/ui-react-liveness@2.0.10,,147798.0,100.0,"Amplify UI is a collection of accessible, themeable, performant React (and more!) components that can connect directly..",43940.0,43940.0,104.0,34,True,3,@aws-amplify/ui-vue,https://www.npmjs.com/package/@aws-amplify/ui-vue,147798.0,,
19,URQL,urql-graphql/urql,"['vue2', 'vue3']",graphql-clients,https://github.com/urql-graphql/urql,https://github.com/urql-graphql/urql,MIT,2018-01-24 01:44:42,2023-10-24 16:05:01,2023-10-24 15:34:56,2594.0,24.0,422.0,89.0,1389.0,20.0,881.0,8207.0,2023-10-19 14:14:31,@urql/next@1.1.0,,,100.0,The highly customizable and versatile GraphQL client with which you add on features like normalized caching as you grow.,278479.0,278479.0,238.0,32,True,2,,,,,
20,CoreUI,coreui/coreui,['bootstrap5'],css-frameworks,https://github.com/coreui/coreui,https://github.com/coreui/coreui,MIT,2018-03-27 11:09:56,2023-10-25 18:45:44,2023-09-25 13:41:36,22180.0,36.0,185.0,23.0,512.0,2.0,136.0,674.0,2023-09-25 13:42:10,4.3.2,4017.0,62.0,79.0,Open Source UI Kit built on top of Bootstrap 5 and plain JavaScript without any additional libraries like jQuery.,28094.0,28094.0,1527.0,32,True,3,,,,,
21,mdb-ui-kit,mdbootstrap/mdb-ui-kit,['vue3'],dnd,https://github.com/mdbootstrap/mdb-ui-kit,https://github.com/mdbootstrap/mdb-ui-kit,MIT,2014-08-18 11:54:00,2023-09-25 07:45:52,2023-09-25 07:45:28,1469.0,2.0,3437.0,783.0,338.0,4.0,1168.0,23772.0,2023-09-25 07:54:54,6.4.2,,,32.0,Bootstrap 5 & Material Design UI KIT.,10379.0,10379.0,119.0,31,True,1,,,,,
22,Relay,facebook/relay,"['vue2', 'vue3']",graphql-clients,https://github.com/facebook/relay,https://github.com/facebook/relay,MIT,2015-08-10 22:09:16,2023-10-26 00:32:36,2023-10-25 23:52:35,9175.0,168.0,1724.0,332.0,2337.0,470.0,1667.0,17963.0,2023-10-19 22:38:09,16.0.0,,,80.0,Relay is a JavaScript framework for building data-driven React applications.,2.0,2.0,837.0,30,True,2,,,,1.0,
23,vue-resource,pagekit/vue-resource,['vue2'],http-clients,https://github.com/pagekit/vue-resource,https://github.com/pagekit/vue-resource,MIT,2014-02-07 23:07:56,2022-12-08 21:37:18,2021-06-14 12:02:28,483.0,,1605.0,260.0,142.0,83.0,453.0,10123.0,2021-06-14 12:05:55,1.5.3,,,53.0,The HTTP client for Vue.js.,129751.0,129751.0,26.0,30,True,3,,,,,
24,graphql-request,prisma-labs/graphql-request,"['vue2', 'vue3']",graphql-clients,https://github.com/jasonkuhrt/graphql-request,https://github.com/jasonkuhrt/graphql-request,MIT,2017-05-10 20:05:07,2023-10-23 19:02:14,2023-10-23 19:02:14,363.0,26.0,290.0,32.0,295.0,122.0,163.0,5489.0,2023-05-23 16:56:08,6.1.0,,,30.0,Minimal GraphQL client supporting Node and browsers for scripts or simple apps.,211365.0,211365.0,86.0,30,True,2,,,,,jasonkuhrt/graphql-request
25,vue-devtools,vuejs/devtools,[],dev-tools,https://github.com/vuejs/devtools,https://github.com/vuejs/devtools,MIT,2014-09-29 03:52:07,2023-10-19 16:26:24,2023-10-10 09:57:13,2085.0,3.0,4041.0,519.0,434.0,450.0,1109.0,23967.0,2023-10-10 09:55:29,6.5.1,101327.0,1250.0,85.0,Browser devtools extension for debugging Vue.js applications.,2.0,2.0,132.0,29,True,1,,,,,
26,Headless UI,tailwindlabs/headlessui,['tailwind'],components,https://github.com/tailwindlabs/headlessui,https://github.com/tailwindlabs/headlessui,MIT,2020-09-16 09:53:09,2023-10-25 05:40:59,2023-10-04 17:45:58,655.0,38.0,911.0,169.0,573.0,4.0,1013.0,22499.0,2023-08-17 15:20:32,@headlessui/vue@v1.7.16,,,88.0,"Completely unstyled, fully accessible UI components, designed to integrate beautifully with Tailwind CSS.",1698.0,1698.0,56.0,28,True,1,,,,-1.0,
27,formkit,formkit/formkit,,forms,https://github.com/formkit/formkit,https://github.com/formkit/formkit,MIT,2021-06-02 21:35:19,2023-10-26 16:54:42,2023-10-11 20:12:07,1639.0,196.0,128.0,29.0,219.0,75.0,633.0,3648.0,2023-10-03 14:11:37,1.2.2,,,29.0,Vue Forms Supercharged.,50.0,50.0,47.0,27,True,2,,,,,
28,Oruga UI,oruga-ui/oruga,"['vue3', 'typescript']",ui-frameworks,https://github.com/oruga-ui/oruga,https://github.com/oruga-ui/oruga,MIT,2020-06-02 07:52:58,2023-10-26 15:21:56,2023-10-26 12:37:29,1445.0,58.0,162.0,15.0,326.0,52.0,262.0,1060.0,2023-09-20 18:17:26,0.7.0,,11115.0,30.0,Oruga is a lightweight library of UI components without CSS framework dependency.,2.0,2.0,74.0,26,True,3,@oruga-ui/oruga,https://www.npmjs.com/package/@oruga-ui/oruga,11115.0,,
29,vuelidate,vuelidate/vuelidate,,forms,https://github.com/vuelidate/vuelidate,https://github.com/vuelidate/vuelidate,MIT,2016-11-05 14:30:37,2023-08-28 13:23:04,2023-08-25 06:16:04,666.0,2.0,489.0,83.0,326.0,171.0,717.0,6746.0,2023-03-26 08:01:51,@vuelidate/core@2.0.1,,,49.0,"Simple, lightweight model-based validation for Vue.js.",45537.0,45537.0,91.0,25,True,3,,,,,
30,Semantic UI Integration,Semantic-UI-Vue/Semantic-UI-Vue,"['vue3', 'javascript']",ui-frameworks,https://github.com/Semantic-UI-Vue/Semantic-UI-Vue,https://github.com/Semantic-UI-Vue/Semantic-UI-Vue,MIT,2017-08-25 10:11:54,2022-12-10 20:30:18,2020-06-03 23:01:02,562.0,,149.0,34.0,271.0,107.0,144.0,939.0,2020-06-03 22:45:05,0.11.0,,6591.0,29.0,Semantic UI integration for Vue.,1811.0,1811.0,71.0,25,True,3,semantic-ui-vue,https://www.npmjs.com/package/semantic-ui-vue,6591.0,,
31,graphql-hooks,nearform/graphql-hooks,"['vue2', 'vue3']",graphql-clients,https://github.com/nearform/graphql-hooks,https://github.com/nearform/graphql-hooks,,2019-02-08 08:29:00,2023-10-23 22:33:57,2023-10-02 16:27:54,762.0,13.0,89.0,105.0,892.0,1.0,233.0,1850.0,2023-10-20 14:34:05,typescript-example@3.2.6,,,100.0,Minimal hooks-first GraphQL client.,1066.0,1066.0,86.0,23,True,3,,,,,
32,vuex-orm,vuex-orm/vuex-orm,['vue3'],state-management,https://github.com/vuex-orm/vuex-orm,https://github.com/vuex-orm/vuex-orm,MIT,2017-06-16 18:05:37,2022-12-10 17:16:42,2021-07-03 12:24:14,1334.0,,164.0,38.0,257.0,128.0,415.0,2380.0,2021-05-07 13:12:13,0.36.4,,,100.0,The Vuex plugin to enable Object-Relational Mapping access to the Vuex Store.,32.0,32.0,64.0,22,True,2,,,,,
33,Appolo Client integration,vuejs/apollo,"['vue2', 'vue3', 'appolo']",graphql-integrations,https://github.com/vuejs/apollo,https://github.com/vuejs/apollo,MIT,2016-09-18 18:44:06,2023-10-11 08:55:31,2023-09-13 23:02:55,991.0,19.0,492.0,111.0,449.0,243.0,657.0,5969.0,2021-11-18 13:28:20,3.1.0,,,87.0,Apollo/GraphQL integration for VueJS.,2.0,2.0,131.0,21,True,1,,,,,
34,CoreUI Components,coreui/coreui-vue,['coreui'],components,https://github.com/coreui/coreui-vue,https://github.com/coreui/coreui-vue,MIT,2018-02-26 18:15:21,2023-10-03 07:40:02,2023-09-20 10:34:10,498.0,2.0,124.0,17.0,45.0,12.0,198.0,587.0,2023-09-20 10:35:37,4.10.1,,,90.0,Bootstrap 5 based Vue 3 components and directives. CoreUI for Vue.js replaces and extends the Bootstrap 5 javascript...,3181.0,3181.0,7.0,21,True,2,,,,,
35,flowbite-vue,themesberg/flowbite-vue,['tailwind'],components,https://github.com/themesberg/flowbite-vue,https://github.com/themesberg/flowbite-vue,MIT,2022-06-02 08:04:40,2023-10-23 15:28:03,2023-10-23 15:27:54,419.0,44.0,83.0,12.0,110.0,34.0,82.0,506.0,,,,,,Official Vue 3 components built for Flowbite and Tailwind CSS.,985.0,985.0,32.0,21,True,2,,,,,
36,villus,logaretm/villus,"['vue2', 'vue3']",graphql-clients,https://github.com/logaretm/villus,https://github.com/logaretm/villus,MIT,2019-12-22 20:52:31,2023-09-27 11:32:15,2023-09-23 10:58:07,623.0,14.0,30.0,9.0,72.0,12.0,120.0,771.0,2023-08-20 15:13:47,3.2.0,,,65.0,A tiny and fast GraphQL client for Vue.js.,12.0,12.0,22.0,20,True,3,,,,,
37,vue-formulate,wearebraid/vue-formulate,,forms,https://github.com/wearebraid/vue-formulate,https://github.com/wearebraid/vue-formulate,MIT,2019-10-07 14:13:30,2023-05-06 23:19:06,2022-04-13 12:37:08,558.0,,241.0,31.0,126.0,113.0,339.0,2213.0,,,,,,The easiest way to build forms with Vue.,40.0,40.0,18.0,18,True,3,,,,,
38,admin-one-vue-tailwind,justboil/admin-one-vue-tailwind,"['vue3', 'tailwind', 'vite', 'pinia']",admin-dashboards,https://github.com/justboil/admin-one-vue-tailwind,https://github.com/justboil/admin-one-vue-tailwind,MIT,2021-06-14 13:48:31,2023-10-25 12:35:16,2023-09-29 10:47:49,439.0,17.0,320.0,30.0,11.0,20.0,17.0,1691.0,2023-04-06 16:31:39,3.2.0,,,13.0,Free Vue.js 3.x Tailwind 3.x admin dashboard template with dark mode. Vite builds. Pinia state. Laravel integration..,,,3.0,18,True,1,,,,,
39,vuex-orm-next,vuex-orm/vuex-orm-next,['vue3'],state-management,https://github.com/vuex-orm/vuex-orm-next,https://github.com/vuex-orm/vuex-orm-next,MIT,2020-04-10 03:54:39,2023-03-04 11:20:52,2021-12-03 07:26:44,214.0,,12.0,11.0,102.0,12.0,21.0,189.0,2021-11-19 00:31:46,1.0.0-draft.16,,,17.0,The next iteration of Vuex ORM.,987.0,987.0,9.0,18,True,2,,,,,
40,coreui-free-vue-admin-template,coreui/coreui-free-vue-admin-template,"['vue3', 'bootstrap5', 'coreui']",admin-dashboards,https://github.com/coreui/coreui-free-vue-admin-template,https://github.com/coreui/coreui-free-vue-admin-template,,2017-08-15 09:29:16,2023-10-01 15:29:40,2023-07-17 08:11:24,444.0,,920.0,121.0,81.0,1.0,196.0,3182.0,2022-11-25 13:55:14,4.2.0,,,59.0,Open source admin template based on Bootstrap 5 and Vue 3.,,,11.0,17,True,3,,,,,
41,vue.draggable.next,SortableJS/vue.draggable.next,['vue3'],dnd,https://github.com/SortableJS/vue.draggable.next,https://github.com/SortableJS/vue.draggable.next,MIT,2020-11-18 01:28:43,2023-09-27 01:14:21,2021-08-25 03:06:16,641.0,,442.0,13.0,28.0,148.0,65.0,2991.0,2020-11-30 17:06:31,4.0.1,,,1.0,Vue 3 compatible drag-and-drop component based on Sortable.js.,,,45.0,17,True,2,,,,,
42,vue-save-state,spatie/vue-save-state,[],state-management,https://github.com/spatie/vue-save-state,https://github.com/spatie/vue-save-state,MIT,2016-10-28 13:06:41,2022-03-21 12:45:21,2022-03-21 12:45:21,58.0,,23.0,12.0,11.0,,14.0,242.0,2017-01-19 19:12:25,1.1.0,,2178.0,1.0,A Vue mixin to save the state of a component to local storage.,147.0,147.0,9.0,17,True,3,vue-save-state,https://www.npmjs.com/package/vue-save-state,2178.0,,
43,Equal UI,quatrochan/Equal,"['vue3', 'typescript']",ui-frameworks,https://github.com/Equal-UI/Equal,https://github.com/Equal-UI/Equal,MIT,2019-10-15 14:40:47,2023-08-15 19:13:09,2023-08-15 19:03:41,167.0,9.0,64.0,16.0,212.0,3.0,67.0,1156.0,,,,696.0,,Equal UI is a Vue 3 UI library empowered by Tailwindcss.,2.0,2.0,12.0,16,True,3,equal-vue,https://www.npmjs.com/package/equal-vue,696.0,,Equal-UI/Equal
44,vue-dragging,hilongjw/vue-dragging,['vue2'],dnd,https://github.com/hilongjw/vue-dragging,https://github.com/hilongjw/vue-dragging,MIT,2016-11-16 06:39:22,2018-12-12 14:05:44,2018-12-12 14:05:35,57.0,,141.0,23.0,7.0,24.0,4.0,763.0,,,,,,A sortable list directive with Vue.,1242.0,1242.0,10.0,16,True,3,,,,,
45,harlem,andrewcourtice/harlem,['vue3'],state-management,https://github.com/andrewcourtice/harlem,https://github.com/andrewcourtice/harlem,MIT,2020-10-01 23:52:49,2023-09-09 12:02:12,2023-04-26 22:35:18,525.0,,17.0,5.0,58.0,3.0,13.0,499.0,2023-03-20 23:34:42,3.1.8,,237.0,63.0,Powerfully simple global state management for Vue 3.,7.0,7.0,10.0,16,True,3,harlem,https://www.npmjs.com/package/harlem,237.0,,
46,AgnosticUI,AgnosticUI/agnosticui,['vue3'],ui-frameworks,https://github.com/AgnosticUI/agnosticui,https://github.com/AgnosticUI/agnosticui,Apache-2.0,2020-09-07 21:03:08,2023-05-22 10:41:52,2023-01-23 23:36:07,1914.0,,42.0,5.0,59.0,36.0,149.0,670.0,,,,,16.0,AgnosticUI is a set of UI primitives that start their lives in clean HTML and CSS. These standards compliant..,,,12.0,15,True,3,agnosticui,https://www.npmjs.com/package/agnosticui,,,
47,vorms,Mini-ghost/vorms,,forms,https://github.com/Mini-ghost/vorms,https://github.com/Mini-ghost/vorms,MIT,2022-04-27 16:26:30,2023-10-10 10:16:52,2023-10-10 10:16:52,191.0,8.0,16.0,6.0,27.0,9.0,8.0,452.0,2023-02-25 09:28:18,1.1.0,,,9.0,Vue Form Validation with Composition API.,39.0,39.0,4.0,15,True,3,,,,,
48,vue-route,ayamflow/vue-route,['vue2'],routing,https://github.com/ayamflow/vue-route,https://github.com/ayamflow/vue-route,,2014-11-05 08:42:52,2016-11-04 21:00:45,2016-11-04 21:00:45,66.0,,8.0,9.0,9.0,2.0,17.0,75.0,2015-06-26 16:49:13,.1.5.0,,3122.0,9.0,"Routing directive for Vue.js, inspired by ng-view.",1164.0,1164.0,4.0,15,False,3,vue-route,https://www.npmjs.com/package/vue-route,3122.0,,
49,vue-js-grid,euvl/vue-js-grid,['vue2'],dnd,https://github.com/euvl/vue-js-grid,https://github.com/euvl/vue-js-grid,MIT,2017-09-21 14:51:06,2022-08-18 01:13:29,2020-05-17 06:21:53,48.0,,108.0,24.0,15.0,16.0,15.0,942.0,,,,,,"Vue.js 2.x responsive grid system with smooth sorting, drag-n-drop and reordering.",156.0,156.0,8.0,14,True,3,,,,,
50,Genql,remorses/genql,"['vue2', 'vue3']",graphql-clients,https://github.com/remorses/genql,https://github.com/remorses/genql,MIT,2020-05-14 20:39:29,2023-09-26 13:35:30,2023-09-26 13:35:26,1231.0,5.0,24.0,9.0,25.0,12.0,103.0,730.0,,,,,,Type safe TypeScript client for any GraphQL API.,,,10.0,14,True,3,,,,-1.0,
51,vue-argon-dashboard,creativetimofficial/vue-argon-dashboard,"['vue3', 'bootstrap5']",admin-dashboards,https://github.com/creativetimofficial/vue-argon-dashboard,https://github.com/creativetimofficial/vue-argon-dashboard,MIT,2019-04-08 12:17:09,2023-09-11 09:06:35,2022-05-27 08:46:42,4.0,,549.0,13.0,42.0,3.0,45.0,359.0,2022-05-26 04:33:42,3.0.0,,,4.0,Vue Argon Dashboard.,,,,14,True,3,,,,,
52,Vuex ORM integration,vuex-orm/plugin-graphql,"['vue2', 'vue3', 'vuex-orm']",graphql-integrations,https://github.com/vuex-orm/plugin-graphql,https://github.com/vuex-orm/plugin-graphql,MIT,2018-01-30 15:59:22,2022-12-14 15:16:51,2020-11-18 15:11:03,355.0,,53.0,10.0,93.0,44.0,71.0,229.0,2018-06-07 12:43:48,0.0.41,,,65.0,Vuex ORM persistence plugin to sync the store against a GraphQL API.,2.0,2.0,18.0,14,True,3,,,,,
53,Storybook for Nuxt framework,storybook-vue/nuxt,[],dev-tools,https://github.com/storybook-vue/storybook-nuxt,https://github.com/storybook-vue/storybook-nuxt,,2023-07-23 03:19:03,2023-10-25 21:26:33,2023-10-25 21:26:33,327.0,303.0,9.0,8.0,36.0,29.0,12.0,121.0,2023-10-25 21:21:46,0.1.8,,,7.0,Storybook integration for Nuxt Framework - Unleashing the power of Storybook in Nuxt/Vue Land!.,5.0,5.0,4.0,14,True,3,,,,,storybook-vue/storybook-nuxt
54,Vue Chimera,chimera-js/vue-chimera,"['vue2', 'vue3', 'axios']",http-integrations,https://github.com/chimera-js/vue-chimera,https://github.com/chimera-js/vue-chimera,MIT,2018-08-02 13:06:12,2022-12-10 17:10:26,2020-03-20 19:50:38,176.0,,17.0,7.0,40.0,2.0,12.0,168.0,2020-03-20 15:47:54,3.0.2,,,7.0,VueJS reactive RESTful API.,23.0,23.0,2.0,13,True,1,,,,,
55,vue-stator,galvez/vue-stator,[],state-management,https://github.com/galvez/vue-stator,https://github.com/galvez/vue-stator,,2019-10-06 17:56:39,2023-01-04 22:35:09,2021-01-26 01:25:08,123.0,,3.0,6.0,38.0,4.0,6.0,168.0,2019-11-22 17:42:00,1.2.0,,1078.0,3.0,Vuex alternative based on Vue.observable().,4.0,4.0,4.0,12,True,3,vue-stator,https://www.npmjs.com/package/vue-stator,1078.0,,
56,tailwindui-vue,tailwindlabs/tailwindui-vue,['tailwind'],components,https://github.com/tailwindlabs/tailwindui-vue,https://github.com/tailwindlabs/tailwindui-vue,,2020-05-29 17:04:32,2020-10-02 21:51:16,2020-10-02 21:50:05,9.0,,27.0,59.0,9.0,,7.0,653.0,,,,,,"Deprecated, please use the Headless UI repo instead.",16.0,16.0,4.0,10,True,3,,,,,
57,vue-redux,yang-wei/vue-redux,[],state-management,https://github.com/yang-wei/vue-redux,https://github.com/yang-wei/vue-redux,,2015-07-11 07:22:47,2017-07-15 04:36:28,2016-02-07 03:02:14,61.0,,12.0,3.0,17.0,,8.0,142.0,2015-07-26 09:31:05,0.0.1,,84.0,1.0,What happen when Vue.js + Redux.,11.0,11.0,6.0,10,False,3,vue-redux,https://www.npmjs.com/package/vue-redux,84.0,,
58,vue3-draggable,shkilo/vue3-draggable,['vue3'],dnd,https://github.com/shkilo/vue3-draggable,https://github.com/shkilo/vue3-draggable,MIT,2020-12-27 13:50:23,2023-01-11 17:43:22,2021-06-07 12:33:47,72.0,,17.0,1.0,6.0,8.0,1.0,31.0,,,,,,simple drag&drop component for vue 3.x.,244.0,244.0,,10,True,3,,,,,
59,Relay client integration,vue-relay/vue-relay,"['vue2', 'vue3', 'relay']",graphql-integrations,https://github.com/vue-relay/vue-relay,https://github.com/vue-relay/vue-relay,BSD-2-Clause,2018-02-19 09:37:01,2021-10-29 20:57:48,2021-08-12 02:14:10,45.0,,10.0,8.0,13.0,4.0,4.0,120.0,,,,,,A framework for building GraphQL-driven Vue.js applications.,12.0,12.0,2.0,9,True,3,,,,,
60,Storybook Addon Nuxt,hirotaka/storybook-addon-nuxt,[],dev-tools,https://github.com/hirotaka/storybook-addon-nuxt,https://github.com/hirotaka/storybook-addon-nuxt,,2023-05-15 06:27:22,2023-09-28 06:00:27,2023-09-28 06:00:27,20.0,1.0,13.0,4.0,10.0,12.0,3.0,77.0,2023-06-08 01:30:33,1.3.3,,,7.0,This add-on makes it easier to set up Storybook in your Nuxt3 project.,40.0,40.0,2.0,8,True,3,,,,,
61,Electron,electron/electron,,desktop-apps,,,,,,,,,,,,,,,,,,3786633.0,,,,,,7,False,3,electron,https://www.npmjs.com/package/electron,3786633.0,,
62,vue-freeze,BosNaufal/vue-freeze,[],state-management,https://github.com/BosNaufal/vue-freeze,https://github.com/BosNaufal/vue-freeze,MIT,2016-03-17 03:58:56,2018-05-05 06:30:03,2016-06-15 02:35:17,10.0,,4.0,6.0,1.0,2.0,2.0,74.0,,,,16.0,,Simple state management whitout bloating API and Concept for Vue.js.,,,,6,False,3,vue-freeze,https://www.npmjs.com/package/vue-freeze,16.0,,
63,vue-simple-store,BosNaufal/vue-simple-store,[],state-management,https://github.com/BosNaufal/vue-simple-store,https://github.com/BosNaufal/vue-simple-store,MIT,2016-03-30 03:21:00,2016-03-30 05:15:51,2016-03-30 03:32:51,2.0,,7.0,2.0,,,,67.0,,,,20.0,,Store Organizer To Simplify Your Stores.,6.0,6.0,,6,False,3,vue-simple-store,https://www.npmjs.com/package/vue-simple-store,20.0,,
64,SuperBVue,superbvue/SuperBVue,"['vue3', 'typescript']",ui-frameworks,https://github.com/superbvue/SuperBVue,https://github.com/superbvue/SuperBVue,,2020-12-07 13:02:01,2021-01-05 08:23:14,2021-01-05 08:22:19,40.0,,2.0,2.0,,,,14.0,,,,72.0,,The Most Complete Vue UI Component Library using bootstrap v5.,4.0,4.0,,5,False,3,superbvue,https://www.npmjs.com/package/superbvue,72.0,,
